Metric,Value
Total Orders,28.0
Total Sales,162145.45454545453
Average Sales,5790.90909090909
